<?xml version="1.0" encoding="UTF-8"?>
<project-private xmlns="http://www.netbeans.org/ns/project-private/1">
    <editor-bookmarks xmlns="http://www.netbeans.org/ns/editor-bookmarks/2" lastBookmarkId="0"/>
    <open-files xmlns="http://www.netbeans.org/ns/projectui-open-files/2">
        <group>
            <file>file:/C:/Users/sayco/Desktop/Cours/ING%203/S2/Poo%20Java/TestDao/src/testdao/Type_cours.java</file>
            <file>file:/C:/Users/sayco/Desktop/Cours/ING%203/S2/Poo%20Java/TestDao/src/testdao/Promotion.java</file>
            <file>file:/C:/Users/sayco/Desktop/Cours/ING%203/S2/Poo%20Java/TestDao/src/testdao/Salle.java</file>
            <file>file:/C:/Users/sayco/Desktop/Cours/ING%203/S2/Poo%20Java/TestDao/src/testdao/Cours.java</file>
            <file>file:/C:/Users/sayco/Desktop/Cours/ING%203/S2/Poo%20Java/TestDao/src/testdao/Enseignant.java</file>
            <file>file:/C:/Users/sayco/Desktop/Cours/ING%203/S2/Poo%20Java/TestDao/src/testdao/Etudiant.java</file>
            <file>file:/C:/Users/sayco/Desktop/Cours/ING%203/S2/Poo%20Java/TestDao/src/testdao/Site.java</file>
            <file>file:/C:/Users/sayco/Desktop/Cours/ING%203/S2/Poo%20Java/TestDao/src/testdao/PromotionDAO.java</file>
            <file>file:/C:/Users/sayco/Desktop/Cours/ING%203/S2/Poo%20Java/TestDao/src/testdao/SdzConnection.java</file>
            <file>file:/C:/Users/sayco/Desktop/Cours/ING%203/S2/Poo%20Java/TestDao/src/testdao/Connect.java</file>
            <file>file:/C:/Users/sayco/Desktop/Cours/ING%203/S2/Poo%20Java/TestDao/src/testdao/Seance.java</file>
            <file>file:/C:/Users/sayco/Desktop/Cours/ING%203/S2/Poo%20Java/TestDao/src/testdao/UtilisateurDAO.java</file>
            <file>file:/C:/Users/sayco/Desktop/Cours/ING%203/S2/Poo%20Java/TestDao/src/testdao/Type_coursDAO.java</file>
            <file>file:/C:/Users/sayco/Desktop/Cours/ING%203/S2/Poo%20Java/TestDao/src/testdao/DAO.java</file>
            <file>file:/C:/Users/sayco/Desktop/Cours/ING%203/S2/Poo%20Java/TestDao/src/testdao/Groupe.java</file>
            <file>file:/C:/Users/sayco/Desktop/Cours/ING%203/S2/Poo%20Java/TestDao/src/testdao/SeanceDAO.java</file>
            <file>file:/C:/Users/sayco/Desktop/Cours/ING%203/S2/Poo%20Java/TestDao/src/testdao/TestDao.java</file>
            <file>file:/C:/Users/sayco/Desktop/Cours/ING%203/S2/Poo%20Java/TestDao/src/testdao/CoursDAO.java</file>
            <file>file:/C:/Users/sayco/Desktop/Cours/ING%203/S2/Poo%20Java/TestDao/src/testdao/EnseignantDAO.java</file>
            <file>file:/C:/Users/sayco/Desktop/Cours/ING%203/S2/Poo%20Java/TestDao/src/testdao/SalleDAO.java</file>
            <file>file:/C:/Users/sayco/Desktop/Cours/ING%203/S2/Poo%20Java/TestDao/src/testdao/GroupeDAO.java</file>
            <file>file:/C:/Users/sayco/Desktop/Cours/ING%203/S2/Poo%20Java/TestDao/src/testdao/Utilisateur.java</file>
            <file>file:/C:/Users/sayco/Desktop/Cours/ING%203/S2/Poo%20Java/TestDao/src/testdao/EtudiantDAO.java</file>
            <file>file:/C:/Users/sayco/Desktop/Cours/ING%203/S2/Poo%20Java/TestDao/src/testdao/SiteDAO.java</file>
        </group>
    </open-files>
</project-private>
